"aggregated_crossings_id","barrier_id","internal_name","crossing_source","crossing_feature_type","crossing_type_code","barrier_status","transport_line_structured_name_1","rail_track_name","blue_line_key","watercourse_name","road_name","structure_type","structure_owner","private_owner_details","structure_list_status","assessment_type_completed","reason_for_exclusion","method_of_exclusion","partial_passability","partial_passability_notes","upstream_habitat_quality","constructability","estimated_cost_$","priority","type_of_rehabilitation","rehabilitated_by","rehabilitated_date","estimated_rehabilitation_cost_$","actual_project_cost_$","next_steps","timeline_for_next_steps","lead_for_next_steps","others_involved_in_next_steps","reason","notes","supporting_links","modelled_crossing_id","pscis_status","crossing_subtype_code","pscis_road_name","pscis_stream_name","pscis_assessment_comment","pscis_assessment_date","dam_name","dam_height","dam_owner","dam_use","dam_operating_status","utm_zone","utm_easting","utm_northing","downstream_route_measure","wscode","localcode","watershed_group_code","gnis_stream_name","barriers_anthropogenic_dnstr","barriers_anthropogenic_dnstr_count","barriers_anthropogenic_habitat_wcrp_upstr","barriers_anthropogenic_habitat_wcrp_upstr_count","barriers_ch_cm_co_pk_sk_dnstr","barriers_st_dnstr","barriers_wct_dnstr","ch_spawning_km","ch_rearing_km","ch_spawning_belowupstrbarriers_km","ch_rearing_belowupstrbarriers_km","cm_spawning_km","cm_spawning_belowupstrbarriers_km","co_spawning_km","co_rearing_km","co_rearing_ha","co_spawning_belowupstrbarriers_km","co_rearing_belowupstrbarriers_km","co_rearing_belowupstrbarriers_ha","pk_spawning_km","pk_spawning_belowupstrbarriers_km","sk_spawning_km","sk_rearing_km","sk_rearing_ha","sk_spawning_belowupstrbarriers_km","sk_rearing_belowupstrbarriers_km","sk_rearing_belowupstrbarriers_ha","st_spawning_km","st_rearing_km","st_spawning_belowupstrbarriers_km","st_rearing_belowupstrbarriers_km","wct_spawning_km","wct_rearing_km","wct_spawning_belowupstrbarriers_km","wct_rearing_belowupstrbarriers_km","all_spawning_km","all_spawning_belowupstrbarriers_km","all_rearing_km","all_rearing_belowupstrbarriers_km","all_spawningrearing_km","all_spawningrearing_belowupstrbarriers_km","set_id","total_hab_gain_set","num_barriers_set","avg_gain_per_barrier","dnstr_set_ids","rank_avg_gain_per_barrier","rank_avg_gain_tiered","rank_total_upstr_hab","rank_combined","tier_combined","label_in_wcrp","elko_region","geom"
"1004601731","1004601731","N Lodgepole Cr @ Lodgepole FSR - Flathead Ridge","MODELLED CROSSINGS","ROAD, RESOURCE/OTHER","CBS","POTENTIAL",NULL,NULL,356564133,NULL,NULL,NULL,NULL,NULL,NULL,NULL,NULL,NULL,NULL,NULL,NULL,NULL,NULL,NULL,NULL,NULL,NULL,NULL,NULL,NULL,NULL,NULL,NULL,NULL,NULL,NULL,4601731,NULL,NULL,NULL,NULL,NULL,NULL,NULL,NULL,NULL,NULL,NULL,11,658512,5465012,"7602.730764665","300.625474.584724.074830.184942.717308","300.625474.584724.074830.184942.717308.721566","ELKR","North Lodgepole Creek",NULL,0,"1024747002",1,NULL,NULL,"","0","0","0","0","0","0","0","0","0","0","0","0","0","0","0","0","0","0","0","0","0","0","0","0","0","1.39099912068367","0","1.39099912068367","0","0","1.39","1.39","1.39","1.39","152","1.39",1,"1.39000000000000000000",NULL,"3","3","4","3","A","yes","below_elko","01010000E0BD0B0000B2C121D8499F3B4145525CE65C8A2041C9241CB303959E403FA16413BBB2BD40"
"1004602683","1004602683","Trib to Lodgepole Cr @ S Lodgepole spur","MODELLED CROSSINGS","ROAD, RESOURCE/OTHER","CBS","POTENTIAL",NULL,NULL,356551813,NULL,NULL,NULL,NULL,NULL,NULL,NULL,NULL,NULL,NULL,NULL,NULL,NULL,NULL,NULL,NULL,NULL,NULL,NULL,NULL,NULL,NULL,NULL,NULL,NULL,NULL,NULL,4602683,NULL,NULL,NULL,NULL,NULL,NULL,NULL,NULL,NULL,NULL,NULL,11,658878,5458649,"2713.39674832928","300.625474.584724.074830.184942.587579","300.625474.584724.074830.184942.587579.346921","ELKR",NULL,"1004603632",1,NULL,NULL,NULL,NULL,"","0","0","0","0","0","0","0","0","0","0","0","0","0","0","0","0","0","0","0","0","0","0","0","0","0","1.13000004487612","0","1.13","0","0","1.13","1.13","1.13","1.13","302","1.34",2,"0.67000000000000000000",NULL,"7","7","5","6","A","yes","below_elko","01010000E0BD0B0000FF8DE642E7A33B41C7B89C2E79592041CD56187A0F55964000D69822CB32A540"
"1004603497",NULL,NULL,"MODELLED CROSSINGS","ROAD, RESOURCE/OTHER","CBS","POTENTIAL",NULL,NULL,356479891,NULL,NULL,NULL,NULL,NULL,NULL,NULL,NULL,NULL,NULL,NULL,NULL,NULL,NULL,NULL,NULL,NULL,NULL,NULL,NULL,NULL,NULL,NULL,NULL,NULL,NULL,NULL,4603497,NULL,NULL,NULL,NULL,NULL,NULL,NULL,NULL,NULL,NULL,NULL,11,647552,5450406,"141.886567301962","300.625474.584724.074830.411859","300.625474.584724.074830.411859","ELKR",NULL,NULL,0,NULL,NULL,NULL,NULL,"","0","0","0","0","0","0","0","0","0","0","0","0","0","0","0","0","0","0","0","0","0","0","0","0","0","0.599000731391173","0","0.48","0","0","0.6","0.48","0.6","0.48","2252","0.48",1,"0.48000000000000000000",NULL,"10","11","8","9","A","yes","below_elko","01010000E0BD0B0000C3F9559A1E7C3B418C5B3CFB420E2041000000000044914027F463C25EBC6140"
"1004603498","1004603498","Trib to Wigwam R @ Tower FSR spur","MODELLED CROSSINGS","ROAD, RESOURCE/OTHER","CBS","POTENTIAL",NULL,NULL,356536376,NULL,NULL,NULL,NULL,NULL,NULL,NULL,NULL,NULL,NULL,NULL,NULL,NULL,NULL,NULL,NULL,NULL,NULL,NULL,NULL,NULL,NULL,NULL,NULL,NULL,NULL,NULL,4603498,NULL,NULL,NULL,NULL,NULL,NULL,NULL,NULL,NULL,NULL,NULL,11,647799,5450192,"57.6194782301885","300.625474.584724.074830.421290","300.625474.584724.074830.421290","ELKR",NULL,NULL,0,NULL,NULL,NULL,NULL,"","0","0","0","0","0","0","0","0","0","0","0","0","0","0","0","0","0","0","0","0","0","0","0","0","0","0.564999683850494","0","0.564999683850494","0","0","0.56","0.56","0.56","0.56","602","0.56",1,"0.56000000000000000000",NULL,"8","8","9","8","A","yes","below_elko","01010000E0BD0B0000333243632F7D3B419FDB257BDA0C2041A3C5FAC2295091402D9F09104BCF4C40"
"1004603632","1004603632","Trib to Lodgepole Cr @ S Lodgepole spur","MODELLED CROSSINGS","ROAD, RESOURCE/OTHER","CBS","POTENTIAL",NULL,NULL,356551813,NULL,NULL,NULL,NULL,NULL,NULL,NULL,NULL,NULL,NULL,NULL,NULL,NULL,NULL,NULL,NULL,NULL,NULL,NULL,NULL,NULL,NULL,NULL,NULL,NULL,NULL,NULL,4603632,NULL,NULL,NULL,NULL,NULL,NULL,NULL,NULL,NULL,NULL,NULL,11,658853,5458843,"2508.06439274593","300.625474.584724.074830.184942.587579","300.625474.584724.074830.184942.587579.320879","ELKR",NULL,NULL,0,"1004602683",1,NULL,NULL,"","0","0","0","0","0","0","0","0","0","0","0","0","0","0","0","0","0","0","0","0","0","0","0","0","0.052940484809768","1.33500069435308","0.05","0.21","0.05","0.05","1.34","0.21","1.34","0.21","302","1.34",2,"0.67000000000000000000",NULL,"7","7","5","6","A","yes","below_elko","01010000E0BD0B0000583C3D7BB5A33B41FB231A33F35A20416EE898099C1E9640BD0316F82098A340"
"1004605528","1004605528","Trib to Wigwam R @ Cabin Cr FSR","MODELLED CROSSINGS","ROAD, RESOURCE/OTHER","CBS","POTENTIAL","Wigwam FSR",NULL,356495597,NULL,NULL,NULL,NULL,NULL,NULL,NULL,NULL,NULL,NULL,NULL,NULL,NULL,NULL,NULL,NULL,NULL,NULL,NULL,NULL,NULL,NULL,NULL,NULL,NULL,NULL,NULL,4605528,NULL,NULL,NULL,NULL,NULL,NULL,NULL,NULL,NULL,NULL,NULL,11,649895,5455640,"683.054338743454","300.625474.584724.074830.286851","300.625474.584724.074830.286851","ELKR",NULL,NULL,0,NULL,NULL,NULL,NULL,"","0","0","0","0","0","0","0","0","0","0","0","0","0","0","0","0","0","0","0","0","0","0","0","0","0.86799949037641","0.86799949037641","0.87","0.87","0.87","0.87","0.87","0.87","0.87","0.87","902","0.87",1,"0.87000000000000000000",NULL,"5","5","6","5","A","yes","below_elko","01010000E0BD0B00002964166E94823B4119846CC8223920416CA857E89F99914053B026496F588540"
"1004605549","1004605549","Trib to Bighorn Cr @ Cabin Cr FSR","MODELLED CROSSINGS","ROAD, RESOURCE/OTHER","CBS","POTENTIAL","Cabin FSR",NULL,356553221,NULL,NULL,NULL,NULL,NULL,NULL,NULL,NULL,NULL,NULL,NULL,NULL,NULL,NULL,NULL,NULL,NULL,NULL,NULL,NULL,NULL,NULL,NULL,NULL,NULL,NULL,NULL,4605549,NULL,NULL,NULL,NULL,NULL,NULL,NULL,NULL,NULL,NULL,NULL,11,652459,5452368,"181.437366963644","300.625474.584724.074830.438900.239603","300.625474.584724.074830.438900.239603","ELKR",NULL,NULL,0,NULL,NULL,NULL,NULL,"","0","0","0","0","0","0","0","0","0","0","0","0","0","0","0","0","0","0","0","0","0","0","0","0","0","0.0239999999998923","0","0.0239999999998923","0","0","0.02","0.02","0.02","0.02","1052","0.02",1,"0.02000000000000000000",NULL,"14","14","14","13","B","yes","below_elko","01010000E0BD0B0000939CA8402A8E3B41795CC77F63222041425B01A06FAD924075A600E9FEAD6640"
"1004605941",NULL,NULL,"MODELLED CROSSINGS","ROAD, RESOURCE/OTHER","OBS","PASSABLE",NULL,NULL,356546176,NULL,NULL,NULL,NULL,NULL,NULL,NULL,NULL,NULL,NULL,NULL,NULL,NULL,NULL,NULL,NULL,NULL,NULL,NULL,NULL,NULL,NULL,NULL,NULL,NULL,NULL,NULL,4605941,NULL,NULL,NULL,NULL,NULL,NULL,NULL,NULL,NULL,NULL,NULL,11,653615,5452349,"646.929507812472","300.625474.584724.074830.438900.270548","300.625474.584724.074830.438900.270548","ELKR",NULL,NULL,0,NULL,NULL,NULL,NULL,"","0","0","0","0","0","0","0","0","0","0","0","0","0","0","0","0","0","0","0","0","0","0","0","0","0","0.133862765156912","0","0.133862765156912","0","0","0.13","0.13","0.13","0.13",NULL,NULL,NULL,NULL,NULL,NULL,NULL,NULL,NULL,NULL,"no","below_elko","01010000E0BD0B000091FB0BACA8923B41BB5FC7286723204187780724596393408DBFCAA16F378440"
"1004606377",NULL,NULL,"MODELLED CROSSINGS","ROAD, RESOURCE/OTHER","OBS","PASSABLE","Lodgepole Creek FSR",NULL,356564133,NULL,NULL,NULL,NULL,NULL,NULL,NULL,NULL,NULL,NULL,NULL,NULL,NULL,NULL,NULL,NULL,NULL,NULL,NULL,NULL,NULL,NULL,NULL,NULL,NULL,NULL,NULL,4606377,NULL,NULL,NULL,NULL,NULL,NULL,NULL,NULL,NULL,NULL,NULL,11,661779,5462461,"815.725327304637","300.625474.584724.074830.184942.717308","300.625474.584724.074830.184942.717308.087030","ELKR","North Lodgepole Creek",NULL,0,"1004601731;1024747002",2,NULL,NULL,"","0","0","0","0","0","0","0","0","0","0","0","0","0","0","0","0","0","0","0","0","0","0","0","0","0.988096404111151","6.35235074129232","0.99","4.96","0.99","0.99","6.35","6.35","6.35","6.35",NULL,NULL,NULL,NULL,NULL,NULL,NULL,NULL,NULL,NULL,"no","below_elko","01010000E0BD0B0000DB94A84B3CAD3B41EF69AE43E879204120B2D165183B96407EE26678CD7D8940"
"1024706500",NULL,NULL,"MODELLED CROSSINGS","ROAD, DEMOGRAPHIC","OBS","PASSABLE","Elk River Bridge",NULL,356570562,NULL,NULL,NULL,NULL,NULL,NULL,NULL,NULL,NULL,NULL,NULL,NULL,NULL,NULL,NULL,NULL,NULL,NULL,NULL,NULL,NULL,NULL,NULL,NULL,NULL,NULL,NULL,24706500,NULL,NULL,NULL,NULL,NULL,NULL,NULL,NULL,NULL,NULL,NULL,11,633532,5449051,"5839.39337816949","300.625474.584724","300.625474.584724","ELKR","Elk River",NULL,0,"1004600013;1004600015;1004600018;1004600019;1004600022;1004600025;1004600041;1004600042;1004600044;1004600045;1004600051;1004600054;1004600084;1004600085;1004600086;1004600115;1004600118;1004600120;1004600126;1004600129;1004600131;1004600132;1004600135;1004600143;1004600156;1004600159;1004600160;1004600174;1004600176;1004600189;1004600195;1004600227;1004600317;1004600320;1004600323;1004600326;1004600327;1004600328;1004600342;1004600346;1004600350;1004600352;1004600378;1004600380;1004600381;1004600433;1004600434;1004600435;1004600436;1004600438;1004600440;1004600441;1004600442;1004600451;1004600452;1004600457;1004600470;1004600508;1004600588;1004600594;1004600666;1004600699;1004600715;1004600735;1004600736;1004600739;1004600758;1004600835;1004600851;1004600945;1004600956;1004601090;1004601099;1004601125;1004601193;1004601225;1004601251;1004601285;1004601374;1004601393;1004601403;1004601457;1004601519;1004601583;1004601603;1004601731;1004601754;1004601755;1004601757;1004601761;1004601762;1004601913;1004602074;1004602161;1004602170;1004602197;1004602198;1004602324;1004602341;1004602344;1004602419;1004602454;1004602683;1004602949;1004602958;1004602974;1004603040;1004603194;1004603242;1004603244;1004603263;1004603285;1004603316;1004603413;1004603451;1004603497;1004603498;1004603632;1004603948;1004603990;1004604003;1004604004;1004604005;1004604006;1004604012;1004604016;1004604060;1004604062;1004604098;1004604105;1004604114;1004604116;1004604117;1004604121;1004604147;1004604202;1004604205;1004604206;1004604208;1004604237;1004604257;1004604422;1004604442;1004604461;1004604469;1004604481;1004604566;1004604611;1004604674;1004604943;1004605000;1004605053;1004605096;1004605107;1004605197;1004605375;1004605430;1004605528;1004605549;1004605556;1004605606;1004605629;1004605651;1004605688;1004605839;1004605941;1004606108;1004606266;1004606284;1004606581;1004606675;1004606677;1004606678;1004606705;1004606710;1004606718;1004606721;1004606732;1004606741;1004606751;1004606781;1004606785;1004606788;1004606794;1004606800;1004606802;1004606808;1004606815;1004606818;1004606821;1004606824;1004606831;1004606908;1004606918;1004606929;1004607003;1004607028;1004607029;1004607409;1004607470;1004607522;1004607575;1004607598;1024706649;1024733652;1024734106;1024734150;1024734179;1024734206;1024734248;1024734250;1024734251;1024734255;1024734256;1024734259;1024734509;1024734526;1024734735;1024734736;1024734737;1024734738;1024734739;1024734740;1024734741;1024734755;1024734756;1024734829;1024734830;1024734942;1024735050;1024735335;1024747002;1024747094;1024752563;1024752650;1024754325;1024754900;1024760703;1024760705;103033;11e03b9a-0a3f-4022-b534-7e3de9eece2e;13635d39-ee0f-4d0c-bb9c-9649ac9a5c63;197520;197526;197527;197533;197534;197542;197553;197554;197555;197559;197565;197570;197571;197572;197578;197579;197580;197581;197583;197783;197785;197786;197787;197793;197825;197827;197828;197842;197843;197844;197845;199903;199904;199906;50152;50153;50175;50181;50185;50254;50255;50276;50277;60c42164-042e-492f-8ae0-31413e16f87e;61608;62167;62181;62182;62271;62413;62416;62423;84b62416-5a21-4c6c-925c-86db9cb2106b;98a6d14e-ea75-446a-80e5-8709bf2eb8e9;ad12484a-f905-460d-a7ec-509f7fd6c892;ca143804-45bf-42da-90a4-16a6498d60a7;da28f1e5-4fb1-43cd-ac85-123d6735677e;da63680c-0ffd-447a-941b-d59e42c0fa8b;e86b513c-3dce-4b4a-a49e-e86e4dac935e",301,NULL,NULL,"","0","0","0","0","0","0","0","0","0","0","0","0","0","0","0","0","0","0","0","0","0","0","0","0","904.88767064464","1074.93259935752","168.85","202.03","904.89","904.89","1074.93","1074.93","1169.13","1169.13",NULL,NULL,NULL,NULL,NULL,NULL,NULL,NULL,NULL,NULL,"no","below_elko","01010000E0BD0B0000E556DC696C463B4137952F9E58EB1F4100B8F3FDD4808740EB846EB464CFB640"
"1024706549",NULL,NULL,"MODELLED CROSSINGS","ROAD, RESOURCE/OTHER","OBS","PASSABLE",NULL,NULL,356566756,NULL,NULL,NULL,NULL,NULL,NULL,NULL,NULL,NULL,NULL,NULL,NULL,NULL,NULL,NULL,NULL,NULL,NULL,NULL,NULL,NULL,NULL,NULL,NULL,NULL,NULL,NULL,24706549,NULL,NULL,NULL,NULL,NULL,NULL,NULL,NULL,NULL,NULL,NULL,11,661670,5448502,"19492.599045486","300.625474.584724.074830.438900","300.625474.584724.074830.438900.714791","ELKR","Bighorn Creek",NULL,0,"197842;197843",2,NULL,NULL,"","0","0","0","0","0","0","0","0","0","0","0","0","0","0","0","0","0","0","0","0","0","0","0","0","5.31954391232034","9.67349890794161","5.32","8.43","5.32","5.32","9.67","9.67","9.67","9.67",NULL,NULL,NULL,NULL,NULL,NULL,NULL,NULL,NULL,NULL,"no","below_elko","01010000E0BD0B0000750450D8D3B33B412C142363BE0D2041F72AF1C530679740CCE0C2562609D340"
"1024706558",NULL,NULL,"MODELLED CROSSINGS","ROAD, RESOURCE/OTHER","OBS","PASSABLE",NULL,NULL,356569536,NULL,NULL,NULL,NULL,NULL,NULL,NULL,NULL,NULL,NULL,NULL,NULL,NULL,NULL,NULL,NULL,NULL,NULL,NULL,NULL,NULL,NULL,NULL,NULL,NULL,NULL,NULL,24706558,NULL,NULL,NULL,NULL,NULL,NULL,NULL,NULL,NULL,NULL,NULL,11,643661,5458111,"7686.04636411442","300.625474.584724.074830","300.625474.584724.074830.127345","ELKR","Wigwam River",NULL,0,"1004601731;1004602683;1004603497;1004603498;1004603632;1004605528;1004605549;1004605941;1024747002;197783;197785;197786;197787;197793;197842;197843;197844;197845;50175",19,NULL,NULL,"","0","0","0","0","0","0","0","0","0","0","0","0","0","0","0","0","0","0","0","0","0","0","0","0","147.482851766727","195.246818011319","144.41","183.53","147.48","147.48","195.25","195.25","195.25","195.25",NULL,NULL,NULL,NULL,NULL,NULL,NULL,NULL,NULL,NULL,"no","below_elko","01010000E0BD0B000064FB1F682A693B41BC49CB64FE4520410000000000408C4024C384DE0B06BE40"
"1024706641",NULL,NULL,"MODELLED CROSSINGS","ROAD, RESOURCE/OTHER","OBS","PASSABLE",NULL,NULL,356566756,NULL,NULL,NULL,NULL,NULL,NULL,NULL,NULL,NULL,NULL,NULL,NULL,NULL,NULL,NULL,NULL,NULL,NULL,NULL,NULL,NULL,NULL,NULL,NULL,NULL,NULL,NULL,24706641,NULL,NULL,NULL,NULL,NULL,NULL,NULL,NULL,NULL,NULL,NULL,11,651557,5450962,"4382.46803011945","300.625474.584724.074830.438900","300.625474.584724.074830.438900.160729","ELKR","Bighorn Creek",NULL,0,"1004605549;1004605941;197842;197843;197844;197845",6,NULL,NULL,"","0","0","0","0","0","0","0","0","0","0","0","0","0","0","0","0","0","0","0","0","0","0","0","0","21.2212451639353","29.6907019466244","20.22","24.86","21.22","21.22","29.69","29.69","29.69","29.69",NULL,NULL,NULL,NULL,NULL,NULL,NULL,NULL,NULL,NULL,"no","below_elko","01010000E0BD0B0000D400206B5F8B3B41A75E755D99162041E8EB82B7D41B92409568D2D0771EB140"
"1024706643",NULL,NULL,"MODELLED CROSSINGS","ROAD, RESOURCE/OTHER","OBS","PASSABLE",NULL,NULL,356566756,NULL,NULL,NULL,NULL,NULL,NULL,NULL,NULL,NULL,NULL,NULL,NULL,NULL,NULL,NULL,NULL,NULL,NULL,NULL,NULL,NULL,NULL,NULL,NULL,NULL,NULL,NULL,24706643,NULL,NULL,NULL,NULL,NULL,NULL,NULL,NULL,NULL,NULL,NULL,11,652390,5451657,"5700.60128433307","300.625474.584724.074830.438900","300.625474.584724.074830.438900.210192","ELKR","Bighorn Creek",NULL,0,"1004605549;1004605941;197842;197843;197844;197845",6,NULL,NULL,"","0","0","0","0","0","0","0","0","0","0","0","0","0","0","0","0","0","0","0","0","0","0","0","0","19.9022451889854","28.1847019173895","18.9","23.36","19.9","19.9","28.18","28.18","28.18","28.18",NULL,NULL,NULL,NULL,NULL,NULL,NULL,NULL,NULL,NULL,"no","below_elko","01010000E0BD0B0000A552D09D408E3B414257F993D11C20414D8DEEA9675792402222C5ED9944B640"
"1024706644",NULL,NULL,"MODELLED CROSSINGS","ROAD, RESOURCE/OTHER","OBS","PASSABLE",NULL,NULL,356566756,NULL,NULL,NULL,NULL,NULL,NULL,NULL,NULL,NULL,NULL,NULL,NULL,NULL,NULL,NULL,NULL,NULL,NULL,NULL,NULL,NULL,NULL,NULL,NULL,NULL,NULL,NULL,24706644,NULL,NULL,NULL,NULL,NULL,NULL,NULL,NULL,NULL,NULL,NULL,11,652622,5452373,"6560.83750831826","300.625474.584724.074830.438900","300.625474.584724.074830.438900.244940","ELKR","Bighorn Creek",NULL,0,"1004605941;197842;197843;197844;197845",5,NULL,NULL,"","0","0","0","0","0","0","0","0","0","0","0","0","0","0","0","0","0","0","0","0","0","0","0","0","19.0422458782109","27.1197025062434","18.04","22.32","19.04","19.04","27.12","27.12","27.12","27.12",NULL,NULL,NULL,NULL,NULL,NULL,NULL,NULL,NULL,NULL,"no","below_elko","01010000E0BD0B00002A297F2FCB8E3B4199B7412698222041709A86101FB092400EF5F166D6A0B940"
"1024706659",NULL,NULL,"MODELLED CROSSINGS","ROAD, RESOURCE/OTHER","OBS","PASSABLE",NULL,NULL,356565430,NULL,NULL,NULL,NULL,NULL,NULL,NULL,NULL,NULL,NULL,NULL,NULL,NULL,NULL,NULL,NULL,NULL,NULL,NULL,NULL,NULL,NULL,NULL,NULL,NULL,NULL,NULL,24706659,NULL,NULL,NULL,NULL,NULL,NULL,NULL,NULL,NULL,NULL,NULL,11,652790,5463393,"9900.0344151643","300.625474.584724.074830.184942","300.625474.584724.074830.184942.326766","ELKR","Lodgepole Creek",NULL,0,"1004601731;1004602683;1004603632;1024747002;197786;197787",6,NULL,NULL,"","0","0","0","0","0","0","0","0","0","0","0","0","0","0","0","0","0","0","0","0","0","0","0","0","20.2118509913374","31.7057057909754","19","27.32","20.21","20.21","31.71","31.71","31.71","31.71",NULL,NULL,NULL,NULL,NULL,NULL,NULL,NULL,NULL,NULL,"no","below_elko","01010000E0BD0B0000A85C6D2AEA893B4111FD89E810782041C07F23590AC991409452B7670456C340"
"1024706674",NULL,NULL,"MODELLED CROSSINGS","ROAD, RESOURCE/OTHER","OBS","PASSABLE","Wigwam FSR",NULL,356565430,NULL,NULL,NULL,NULL,NULL,NULL,NULL,NULL,NULL,NULL,NULL,NULL,NULL,NULL,NULL,NULL,NULL,NULL,NULL,NULL,NULL,NULL,NULL,NULL,NULL,NULL,NULL,24706674,NULL,NULL,NULL,NULL,NULL,NULL,NULL,NULL,NULL,NULL,NULL,11,648753,5461082,"3565.43800346436","300.625474.584724.074830.184942","300.625474.584724.074830.184942.101534","ELKR","Lodgepole Creek",NULL,0,"1004601731;1004602683;1004603632;1024747002;197786;197787;197793",7,NULL,NULL,"","0","0","0","0","0","0","0","0","0","0","0","0","0","0","0","0","0","0","0","0","0","0","0","0","29.4899321476388","44.5680533237226","28.28","40.18","29.49","29.49","44.57","44.57","44.57","44.57",NULL,NULL,NULL,NULL,NULL,NULL,NULL,NULL,NULL,NULL,"no","below_elko","01010000E0BD0B0000D767DCB26B7B3B415DC6CD1C1D622041759FC42368398F40EC75FD41E0DAAB40"
"197780","197780","1004601993","PSCIS","ROAD, RESOURCE/OTHER","OBS","PASSABLE",NULL,NULL,356570443,"Rabbit Creek","Unnamed","Stream crossing - OBS","Unknown",NULL,"Data-deficient barrier","Barrier assessment",NULL,NULL,NULL,NULL,NULL,NULL,"5000","Low",NULL,NULL,NULL,NULL,NULL,"Engage with partners","2025-03-31","CWF",NULL,"Bridge is partially collapsed. ","Was not blocking flows when assessed in 2021 but could become an impediment if it continues to collapse into stream.","http://a100.gov.bc.ca/pub/pscismap/imageViewer.do?assessmentId=198800",4601993,"ASSESSED","BRIDGE",NULL,"Rabbit Creek","Bridge has collapsed but is not blocking channel. 16:08","2021-07-27",NULL,NULL,NULL,NULL,NULL,11,656655,5431721,"5626","300.625474.584724.074830.857893","300.625474.584724.074830.857893.434745","ELKR","Rabbit Creek",NULL,0,NULL,NULL,NULL,NULL,"","0","0","0","0","0","0","0","0","0","0","0","0","0","0","0","0","0","0","0","0","0","0","0","0","1.21798314420747","2.92300058971258","1.22","2.92","1.22","1.22","2.92","2.92","2.92","2.92",NULL,NULL,NULL,NULL,NULL,NULL,NULL,NULL,NULL,NULL,"no","below_elko","01010000E0BD0B00006A7720C6CEA83B418E3C329EA20D1F412C6F176DD0E197400000000000FAB540"
"197781","197781","1004601995","PSCIS","ROAD, RESOURCE/OTHER","OBS","PASSABLE",NULL,NULL,356570443,"Rabbit Creek","Unnamed","Stream crossing - OBS","Unknown",NULL,"Data-deficient barrier","Barrier assessment",NULL,NULL,NULL,NULL,NULL,NULL,NULL,"Low",NULL,NULL,NULL,NULL,NULL,"Engage with partners","2025-03-31","CWF",NULL,"Collapsed bridge not currently blocking flows (2021) but could become a barrier over time",NULL,"https://a100.gov.bc.ca/pub/pscismap/imageViewer.do?assessmentId=198801",4601995,"ASSESSED","BRIDGE",NULL,"Rabbit Creek","Bridge has collapsed but is not blocking channel. 16:36","2021-07-27",NULL,NULL,NULL,NULL,NULL,11,655891,5431860,"6467","300.625474.584724.074830.857893","300.625474.584724.074830.857893.517869","ELKR","Rabbit Creek",NULL,0,NULL,NULL,NULL,NULL,"","0","0","0","0","0","0","0","0","0","0","0","0","0","0","0","0","0","0","0","0","0","0","0","0","0.37698162037037","2.08199906587548","0.38","2.08","0.38","0.38","2.08","2.08","2.08","2.08",NULL,NULL,NULL,NULL,NULL,NULL,NULL,NULL,NULL,NULL,"no","below_elko","01010000E0BD0B00006E450724C6A53B4191C3D6243E0E1F410000000000409840000000000043B940"
"197782","197782","1004602359","PSCIS","ROAD, RESOURCE/OTHER","OBS","PASSABLE",NULL,NULL,356570443,"Rabbit Creek","Unknown","Stream crossing - OBS","Unknown",NULL,"Excluded structure","Barrier assessment","Passable","Field assessment",NULL,NULL,NULL,NULL,NULL,NULL,NULL,NULL,NULL,NULL,NULL,NULL,NULL,NULL,NULL,"Collapsed bridge but not blocking flows",NULL,"https://a100.gov.bc.ca/pub/pscismap/imageViewer.do?assessmentId=198802",4602359,"ASSESSED","BRIDGE",NULL,"Rabbit Creek","Bridge has collapsed but is not blocking channel. 16:59","2021-07-27",NULL,NULL,NULL,NULL,NULL,11,655619,5431721,"6788","300.625474.584724.074830.857893","300.625474.584724.074830.857893.536091","ELKR","Rabbit Creek",NULL,0,NULL,NULL,NULL,NULL,"","0","0","0","0","0","0","0","0","0","0","0","0","0","0","0","0","0","0","0","0","0","0","0","0","0.0559817669800416","1.76099921248515","0.06","1.76","0.06","0.06","1.76","1.76","1.76","1.76",NULL,NULL,NULL,NULL,NULL,NULL,NULL,NULL,NULL,NULL,"no","below_elko","01010000E0BD0B000098C49A6AC9A43B41B39A5E228C0B1F4100000000006C9840000000000084BA40"
"197783","197783","1004605937","PSCIS","ROAD, RESOURCE/OTHER","CBS","BARRIER",NULL,NULL,356437959,"Tributary to Wigwam River","Wigwam Forest Service Road","Stream crossing - CBS","CanFor",NULL,"Excluded structure","Barrier assessment","No key upstream habitat","Field assessment",NULL,NULL,NULL,NULL,NULL,NULL,NULL,NULL,NULL,NULL,NULL,NULL,NULL,NULL,NULL,"Low quality habitat","Dry with poorly defined channel downstream","http://a100.gov.bc.ca/pub/pscismap/imageViewer.do?assessmentId=198803",4605937,"ASSESSED","ROUND","Wigwam FSR","Tributary to Wigwam River","Dry with poorly defined downstream channel. 12:03","2021-07-28",NULL,NULL,NULL,NULL,NULL,11,662246,5431294,"362","300.625474.584724.074830.905771","300.625474.584724.074830.905771","ELKR",NULL,NULL,0,NULL,NULL,NULL,NULL,"","0","0","0","0","0","0","0","0","0","0","0","0","0","0","0","0","0","0","0","0","0","0","0","0","0","0","0","0","0","0","0","0","0","0",NULL,NULL,NULL,NULL,NULL,NULL,NULL,NULL,NULL,NULL,"no","below_elko","01010000E0BD0B00000F57F8A9B5BE3B41936CAFA04E121F41B77083B491BA95400000000000A07640"
"197784",NULL,NULL,"PSCIS","ROAD, RESOURCE/OTHER","OBS","PASSABLE",NULL,NULL,356536376,NULL,NULL,NULL,NULL,NULL,NULL,NULL,NULL,NULL,NULL,NULL,NULL,NULL,NULL,NULL,NULL,NULL,NULL,NULL,NULL,NULL,NULL,NULL,NULL,NULL,NULL,NULL,4605218,"ASSESSED","BRIDGE",NULL,"Tributary to Wigwam River","Suspect that this stream is mapped incorrectly. 15:41","2021-07-28",NULL,NULL,NULL,NULL,NULL,11,647454,5449893,"608","300.625474.584724.074830.421290","300.625474.584724.074830.421290","ELKR",NULL,"1004603498",1,NULL,NULL,NULL,NULL,"","0","0","0","0","0","0","0","0","0","0","0","0","0","0","0","0","0","0","0","0","0","0","0","0","0","0.0150000000000465","0","0.0150000000000465","0","0","0.02","0.02","0.02","0.02",NULL,NULL,NULL,NULL,NULL,NULL,NULL,NULL,NULL,NULL,"no","below_elko","01010000E0BD0B0000B8918F6AFF7B3B41BC40CFA6310A204172273A8F90D591400000000000008340"
"197785","197785","1004606129","PSCIS","ROAD, RESOURCE/OTHER","CBS","BARRIER",NULL,NULL,356569293,"Tributary to Wigwam River","R08380-10","Stream crossing - CBS","CanFor",NULL,"Excluded structure","Barrier assessment","No key upstream habitat","Field assessment",NULL,NULL,NULL,NULL,NULL,NULL,NULL,NULL,NULL,NULL,NULL,NULL,NULL,NULL,NULL,"No channel","Snowshoe Lake drains to basin upstream with no visible channel between lake and road","https://a100.gov.bc.ca/pub/pscismap/imageViewer.do?assessmentId=198805",4606129,"ASSESSED","ROUND",NULL,"Tributary to Wigwam River","Drains Snowshoe Lake.  No visible channel.  No fish habitat present as the channel empties into large natural depression area ~60m upstream of the road. 16:25","2021-07-28",NULL,NULL,NULL,NULL,NULL,11,649481,5446733,"753","300.625474.584724.074830.489681","300.625474.584724.074830.489681.084041","ELKR",NULL,NULL,0,NULL,NULL,NULL,NULL,"","0","0","0","0","0","0","0","0","0","0","0","0","0","0","0","0","0","0","0","0","0","0","0","0","0","0","0","0","0","0","0","0","0","0",NULL,NULL,NULL,NULL,NULL,NULL,NULL,NULL,NULL,NULL,"no","below_elko","01010000E0BD0B00006142AC7E71853B413B6624238AE71F4116DABB3D299893400000000000888740"
"197786","197786","1004606398","PSCIS","ROAD, RESOURCE/OTHER","CBS","BARRIER","Lodgepole Creek FSR",NULL,356565430,"Lodgepole Creek","Lodgepole Creek FSR","Stream crossing - CBS","CanFor",NULL,"Priority barrier","Detailed habitat investigation",NULL,NULL,"",NULL,"Medium","Moderate","240000","Low",NULL,NULL,"2024-11-06",NULL,NULL,"Engage with barrier owner","2025-04-30","CWF",NULL,"Industry crossing. Excellent quality habitat supporting all life stages of WCT. Currently scores as passable but likely to be replaced soon. Monitor.","Pure population of WCT confirmed in Lodgepole Creek. Undersized culvert with signs of overtopping. Culvert not buried in road bed, leading to damage in several locations.  Debris jam with 0.75 m drip currently creating a temporary passage barrier.","https://www.newgraphenvironment.com/fish_passage_elk_2021_reporting/appendix---197787-197786---lodgepole-creek.html Also see: VAST. 2023. Elk River Westslope Cutthroat Trout passage and habitat investigations. Prepared for Canadian Wildlife Federation by VAST Resource Solutions Inc., Cranbrook, B.C. ",4606398,"HABITAT CONFIRMATION","ROUND","Harvey FSR","Lodgepole Creek","Small stream with good flow.  Abundant gravels just upstream with gradients increasing to 6-7% near 540m upstream of culvert where large (~30m high) waterfall is located. 10:18","2021-07-29",NULL,NULL,NULL,NULL,NULL,11,665796,5462152,"26743","300.625474.584724.074830.184942","300.625474.584724.074830.184942.889680","ELKR",NULL,"197787",1,NULL,NULL,NULL,NULL,"","0","0","0","0","0","0","0","0","0","0","0","0","0","0","0","0","0","0","0","0","0","0","0","0","0","0.50600032548443","0","0.51","0","0","0.51","0.51","0.51","0.51","1353","0.51",1,"0.51000000000000000000","{1352}","9","10","10","10","A","yes","below_elko","01010000E0BD0B0000C16A5FDCF7BC3B419A2FE44C8F7B20411AAA9F6D7D139A4000000000C01DDA40"
"197787","197787","1004606370","PSCIS","ROAD, RESOURCE/OTHER","CBS","POTENTIAL","Lodgepole Creek FSR",NULL,356565430,"Lodgepole Creek","Lodgepole Creek FSR","Stream crossing - CBS","CanFor",NULL,"Priority barrier","Detailed habitat investigation",NULL,NULL,"Yes","Proportion of time","High","Easy","240000","High",NULL,NULL,NULL,NULL,NULL,"Engage with barrier owner","2025-04-30","CWF",NULL,"Industry barrier. Excellent quality habitat supporting all life stages of WCT. ","Pure population of WCT confirmed in Lodgepole Creek. Barrier at low flows. Sedimentation and deflection issues identified due to culvert. ","https://www.newgraphenvironment.com/fish_passage_elk_2021_reporting/appendix---197787-197786---lodgepole-creek.html Also see: VAST. 2023. Elk River Westslope Cutthroat Trout passage and habitat investigations. Prepared for Canadian Wildlife Federation by VAST Resource Solutions Inc., Cranbrook, B.C. ",4606370,"HABITAT CONFIRMATION","ROUND","Harvey FSR","Lodgepole Creek","Two pipes (1m each) but one blocked with debris.  Because height of outlets equivalent widths were added together for input to stream width ratio.   Large beaver dams upstream between culvert and Lodgepole Lake. 15:37","2021-07-29",NULL,NULL,NULL,NULL,NULL,11,664904,5462561,"25589","300.625474.584724.074830.184942","300.625474.584724.074830.184942.828818","ELKR","Lodgepole Creek",NULL,0,"197786",1,NULL,NULL,"","0","0","0","0","0","0","0","0","0","0","0","0","0","0","0","0","0","0","0","0","0","0","0","0","1.15400064034513","1.66000096582956","1.15","1.15","1.15","1.15","1.66","1.15","1.66","1.15","1352","1.15",1,"1.15000000000000000000",NULL,"4","4","3","4","A","yes","below_elko","01010000E0BD0B00000D88A5234EB93B41C7050DB4D47D2041E00FB575C6B999400000000040FDD840"
"197788",NULL,NULL,"PSCIS","ROAD, RESOURCE/OTHER","OTHER","PASSABLE",NULL,NULL,356565430,NULL,NULL,NULL,NULL,NULL,NULL,NULL,NULL,NULL,NULL,NULL,NULL,NULL,NULL,NULL,NULL,NULL,NULL,NULL,NULL,NULL,NULL,NULL,NULL,NULL,NULL,NULL,NULL,"ASSESSED","FORD",NULL,"Lodgepole Creek","Bridge has been removed. No isuues.  9:50","2021-07-30",NULL,NULL,NULL,NULL,NULL,11,660451,5461352,"20127","300.625474.584724.074830.184942","300.625474.584724.074830.184942.665660","ELKR","Lodgepole Creek",NULL,0,"1004601731;1024747002;197786;197787",4,NULL,NULL,"","0","0","0","0","0","0","0","0","0","0","0","0","0","0","0","0","0","0","0","0","0","0","0","0","5.94301244558635","12.9867086268938","4.79","9.94","5.94","5.94","12.99","12.99","12.99","12.99",NULL,NULL,NULL,NULL,NULL,NULL,NULL,NULL,NULL,NULL,"no","below_elko","01010000E0BD0B000076699CC9A4A83B41439BB58BFA6F204167948D4A69E4944000000000C0A7D340"
"197790","197790","1004606411","PSCIS","ROAD, RESOURCE/OTHER","OTHER","PASSABLE",NULL,NULL,356551813,"Tributary to Lodgepole Creek","Unnamed","Stream crossing - Ford",NULL,NULL,"Excluded structure","Barrier assessment","Passable","Field assessment",NULL,NULL,NULL,NULL,NULL,NULL,NULL,NULL,NULL,NULL,NULL,NULL,NULL,NULL,NULL,"Ford","No issues","https://a100.gov.bc.ca/pub/pscismap/imageViewer.do?assessmentId=198810",4606411,"ASSESSED","FORD",NULL,"Tributary to Lodgepole Creek","Ford.  No fish passage issues. 10:55","2021-07-30",NULL,NULL,NULL,NULL,NULL,11,658765,5459548,"1761","300.625474.584724.074830.184942.587579","300.625474.584724.074830.184942.587579.150763","ELKR",NULL,NULL,0,"1004602683;1004603632",2,NULL,NULL,"","0","0","0","0","0","0","0","0","0","0","0","0","0","0","0","0","0","0","0","0","0","0","0","0","0.0733081982560019","2.08199930724777","0.02","0.75","0.07","0.07","2.08","2.08","2.08","2.08",NULL,NULL,NULL,NULL,NULL,NULL,NULL,NULL,NULL,NULL,"no","below_elko","01010000E0BD0B000009BDEF3A03A33B41F1A1DA2F51602041967A7E6CAA5695400000000000849B40"
"197791",NULL,NULL,"PSCIS","ROAD, RESOURCE/OTHER","OTHER","PASSABLE",NULL,NULL,356565430,NULL,NULL,NULL,NULL,NULL,NULL,NULL,NULL,NULL,NULL,NULL,NULL,NULL,NULL,NULL,NULL,NULL,NULL,NULL,NULL,NULL,NULL,NULL,NULL,NULL,NULL,NULL,24706666,"ASSESSED","FORD",NULL,"Lodgepole Creek","ATV ford.  No fish passage issues. 11:10","2021-07-30",NULL,NULL,NULL,NULL,NULL,11,658955,5461096,"18214","300.625474.584724.074830.184942","300.625474.584724.074830.184942.604928","ELKR","Lodgepole Creek",NULL,0,"1004601731;1024747002;197786;197787",4,NULL,NULL,"","0","0","0","0","0","0","0","0","0","0","0","0","0","0","0","0","0","0","0","0","0","0","0","0","11.5665620104905","19.2037083146536","10.41","16.15","11.57","11.57","19.2","19.2","19.2","19.2",NULL,NULL,NULL,NULL,NULL,NULL,NULL,NULL,NULL,NULL,"no","below_elko","01010000E0BD0B000013DCF56DF9A23B418C08E3407F6C2041D67A64952C1294400000000080C9D140"
"197792","197792","1004605499","PSCIS","ROAD, RESOURCE/OTHER","OBS","PASSABLE","Wigwam FSR",NULL,356564861,"Tributary to Bean Creek","Cabin Creek FSR","Stream crossing - OBS","FNLRO",NULL,"Excluded structure","Barrier assessment","Passable","Field assessment","",NULL,"",NULL,NULL,NULL,NULL,NULL,NULL,NULL,NULL,NULL,NULL,NULL,NULL,"Bridge",NULL,"https://a100.gov.bc.ca/pub/pscismap/imageViewer.do?assessmentId=198812",4605499,"ASSESSED","BRIDGE","Ram FSR","Bean Creek","Bridge. 11:53","2021-07-30",NULL,NULL,NULL,NULL,NULL,11,650057,5463542,"341","300.625474.584724.074830.184942.167755.193280","300.625474.584724.074830.184942.167755.193280","ELKR",NULL,NULL,0,NULL,NULL,NULL,NULL,"","0","0","0","0","0","0","0","0","0","0","0","0","0","0","0","0","0","0","0","0","0","0","0","0","1.73041725503413","2.89217506047152","1.73","2.89","1.73","1.73","2.89","2.89","2.89","2.89",NULL,NULL,NULL,NULL,NULL,NULL,NULL,NULL,NULL,NULL,"no","below_elko","01010000E0BD0B0000AF1E70013E7F3B4196B4125779762041DAED7354CCD691400000000000507540"
"197793","197793","1004606347","PSCIS","ROAD, RESOURCE/OTHER","CBS","BARRIER","Lodgepole Creek FSR",NULL,356565601,"Bean Creek","Lodgepole FSR","Stream crossing - CBS","Unknown",NULL,"Excluded structure","Detailed habitat investigation","No key upstream habitat","Field assessment","Unknown",NULL,"Low",NULL,NULL,NULL,NULL,NULL,NULL,NULL,NULL,NULL,NULL,NULL,NULL,"Low quality habitat. Winter habitat assessments revealed low habitat values. Dewatered in summer and winter. No sutiable habitat to support most life stages.",NULL,"https://www.newgraphenvironment.com/fish_passage_elk_2021_reporting/appendix---197793---bean-creek.html Also see: VAST. 2023. Elk River Westslope Cutthroat Trout passage and habitat investigations. Prepared for Canadian Wildlife Federation by VAST Resource Solutions Inc., Cranbrook, B.C.",4606347,"HABITAT CONFIRMATION","ROUND","Lodgepole FSR","Bean Creek","Large channel but stream is completely dry. 12:11","2021-07-30",NULL,NULL,NULL,NULL,NULL,11,650414,5463818,"2440","300.625474.584724.074830.184942.167755","300.625474.584724.074830.184942.167755.193280","ELKR","Bean Creek",NULL,0,NULL,NULL,NULL,NULL,"","0","0","0","0","0","0","0","0","0","0","0","0","0","0","0","0","0","0","0","0","0","0","0","0","0","0","0","0","0","0","0","0","0","0",NULL,NULL,NULL,NULL,NULL,NULL,NULL,NULL,NULL,NULL,"no","below_elko","01010000E0BD0B000009C65BA67C803B4108CEC98FF87820415BC0FD523CE99140000000000010A340"
"197794","197794","1004603480","PSCIS","ROAD, RESOURCE/OTHER","OBS","PASSABLE",NULL,NULL,356565601,"Bean Creek","Utility line","Stream crossing - OBS","Foothills Pipe Lines (South B.C.) Ltd.",NULL,"Excluded structure","Barrier assessment","Passable","Field assessment","",NULL,"",NULL,NULL,NULL,NULL,NULL,NULL,NULL,NULL,NULL,NULL,NULL,"","Bridge",NULL,"http://a100.gov.bc.ca/pub/pscismap/imageViewer.do?assessmentId=198814",4603480,"ASSESSED","BRIDGE","Gasline","Tributary to Bean Creek","Bridge on the pipeline right of way. 13:30","2021-07-30",NULL,NULL,NULL,NULL,NULL,11,650539,5464640,"3324","300.625474.584724.074830.184942.167755","300.625474.584724.074830.184942.167755.332897","ELKR","Bean Creek","197793",1,NULL,NULL,NULL,NULL,"","0","0","0","0","0","0","0","0","0","0","0","0","0","0","0","0","0","0","0","0","0","0","0","0","0","0","0","0","0","0","0","0","0","0",NULL,NULL,NULL,NULL,NULL,NULL,NULL,NULL,NULL,NULL,"no","below_elko","01010000E0BD0B00003774357E8F803B4116132F54747F20413B1A2A81B13A92400000000000F8A940"
"197795","197795","1024733953","PSCIS","ROAD, RESOURCE/OTHER","OBS","PASSABLE",NULL,NULL,356563915,"Tributary to Lodgepole Creek","Unnamed","Stream crossing - OBS","Unknown",NULL,"Excluded structure","Barrier assessment","Passable","Field assessment",NULL,NULL,NULL,NULL,NULL,NULL,NULL,NULL,NULL,NULL,NULL,NULL,NULL,NULL,NULL,"Bridge","No modeled key habitat upstream.","http://a100.gov.bc.ca/pub/pscismap/imageViewer.do?assessmentId=198815",24733953,"ASSESSED","BRIDGE","Spur","Tributary to Lodgepole Creek","Gated access management area.  15:00","2021-09-27",NULL,NULL,NULL,NULL,NULL,11,652220,5461436,"1917","300.625474.584724.074830.184942.293028","300.625474.584724.074830.184942.293028.187913","ELKR",NULL,NULL,0,NULL,NULL,NULL,NULL,"","0","0","0","0","0","0","0","0","0","0","0","0","0","0","0","0","0","0","0","0","0","0","0","0","0","0","0","0","0","0","0","0","0","0",NULL,NULL,NULL,NULL,NULL,NULL,NULL,NULL,NULL,NULL,"no","below_elko","01010000E0BD0B00003FA19822B0883B41DDB7096D5868204180F6CD1B078D93400000000000F49D40"
"197796","197796","1004601984","PSCIS","ROAD, RESOURCE/OTHER","CBS","BARRIER",NULL,NULL,356563915,"Tributary to Lodgepole Creek","Unnamed","Stream crossing - CBS","Unknown",NULL,"Non-actionable barrier","Habitat confirmation",NULL,NULL,"Unknown",NULL,"Low","Moderate",NULL,NULL,NULL,NULL,NULL,NULL,NULL,"Non-actionable",NULL,NULL,NULL,"Short habitat gain","Impassable falls (2.3 m high) approx 60 m upstream. Steep sections >15% with multiple drops > 1 m","https://www.newgraphenvironment.com/fish_passage_elk_2021_reporting/appendix---197796---tributary-to-lodgepole-creek.html",4601984,"HABITAT CONFIRMATION","ROUND","Spur","Tributary to Lodgepole Creek","Gated access management area.  Falls located ~60m upstream of the crossing. 15:45","2021-09-27",NULL,NULL,NULL,NULL,NULL,11,654302,5458678,"5542","300.625474.584724.074830.184942.293028","300.625474.584724.074830.184942.293028.664255","ELKR",NULL,NULL,0,NULL,NULL,NULL,NULL,"","0","0","0","0","0","0","0","0","0","0","0","0","0","0","0","0","0","0","0","0","0","0","0","0","0","0","0","0","0","0","0","0","0","0",NULL,NULL,NULL,NULL,NULL,NULL,NULL,NULL,NULL,NULL,"no","below_elko","01010000E0BD0B0000ACF00F9024923B411E271EB217552041FE5ECA4ED31399400000000000A6B540"
"197797","197797","1004606926","PSCIS","ROAD, RESOURCE/OTHER","OTHER","PASSABLE",NULL,NULL,356566756,"Bighorn Creek","Spur","Stream crossing - Ford",NULL,NULL,"Excluded structure","Barrier assessment","Passable","Field assessment","",NULL,"",NULL,NULL,NULL,NULL,NULL,NULL,NULL,NULL,NULL,NULL,NULL,NULL,"Ford","Crossing removed","http://a100.gov.bc.ca/pub/pscismap/imageViewer.do?assessmentId=198817",4603553,"ASSESSED","FORD","Spur","Tributary to Bighorn Creek","Ford.  No road present on far side of stream. 11:28","2021-09-28",NULL,NULL,NULL,NULL,NULL,11,663230,5447429,"21577","300.625474.584724.074830.438900","300.625474.584724.074830.438900.783824","ELKR","Bighorn Creek",NULL,0,"197842;197843",2,NULL,NULL,"","0","0","0","0","0","0","0","0","0","0","0","0","0","0","0","0","0","0","0","0","0","0","0","0","2.60074388237969","4.8099534583666","2.6","3.57","2.6","2.6","4.81","4.81","4.81","4.81",NULL,NULL,NULL,NULL,NULL,NULL,NULL,NULL,NULL,NULL,"no","below_elko","01010000E0BD0B0000E2BCDB4C6ABA3B41399167C902072041D41B253734669840000000004012D540"
"197798","197798",NULL,"PSCIS","ROAD, RESOURCE/OTHER","CBS","BARRIER","Cabin FSR",NULL,356436208,"Tributary to Bighorn Creek","Cabin FSR","Stream crossing - CBS",NULL,"","Excluded structure","Barrier assessment","No key upstream habitat","Field assessment",NULL,NULL,"Low",NULL,NULL,NULL,NULL,NULL,NULL,NULL,NULL,NULL,NULL,NULL,NULL,"No modeled habitat, noted as low quality in field",NULL,"http://a100.gov.bc.ca/pub/pscismap/imageViewer.do?assessmentId=198818",4605518,"ASSESSED","ROUND","Cabin FSR","Tributary to Bighorn Creek","Culvert installed in road prism which creates 1m step, steep gradients and outlet drop.  Small system. 12:00","2021-09-28",NULL,NULL,NULL,NULL,NULL,11,664404,5445263,"239","300.625474.584724.074830.438900.923760","300.625474.584724.074830.438900.923760","ELKR",NULL,NULL,0,NULL,NULL,NULL,NULL,"","0","0","0","0","0","0","0","0","0","0","0","0","0","0","0","0","0","0","0","0","0","0","0","0","0","0","0","0","0","0","0","0","0","0",NULL,NULL,NULL,NULL,NULL,NULL,NULL,NULL,NULL,NULL,"no","below_elko","01010000E0BD0B0000EA6338970EC03B412A83BF8CDCEE1F41ED0E38FFA0679A400000000000E06D40"
"197799","197799",NULL,"PSCIS","ROAD, RESOURCE/OTHER","CBS","BARRIER","Cabin FSR",NULL,356425732,"Tributary to Bighorn Creek","Cabin FSR","Stream crossing - CBS",NULL,"","Excluded structure","Barrier assessment","No key upstream habitat","Field assessment",NULL,NULL,"Low",NULL,NULL,NULL,NULL,NULL,NULL,NULL,NULL,NULL,NULL,NULL,NULL,"No modeled habitat, noted as low quality in field",NULL,"http://a100.gov.bc.ca/pub/pscismap/imageViewer.do?assessmentId=198819",4605522,"ASSESSED","ROUND","Cabin FSR","Tributary to Bighorn Creek","Nice gravels with good flow but small stream with steeper grade for size of channel.  LWD drop of ~90cm located at ~55m upstream. Borderline moderate habitat value. 12:20","2021-09-28",NULL,NULL,NULL,NULL,NULL,11,664642,5444852,"199","300.625474.584724.074830.438900.940187","300.625474.584724.074830.438900.940187","ELKR",NULL,NULL,0,NULL,NULL,NULL,NULL,"","0","0","0","0","0","0","0","0","0","0","0","0","0","0","0","0","0","0","0","0","0","0","0","0","0","0","0","0","0","0","0","0","0","0",NULL,NULL,NULL,NULL,NULL,NULL,NULL,NULL,NULL,NULL,"no","below_elko","01010000E0BD0B0000C17FE9DB2FC13B41EC557BFFFBE81F41285AC6F3869C9A400000000000E06840"
"197800","197800",NULL,"PSCIS","ROAD, RESOURCE/OTHER","CBS","BARRIER","Cabin FSR",NULL,356542373,"Tributary to Bighorn Creek","Cabin FSR","Stream crossing - CBS",NULL,"","Excluded structure","Barrier assessment","No key upstream habitat","Field assessment",NULL,NULL,"Medium",NULL,NULL,NULL,NULL,NULL,NULL,NULL,NULL,NULL,NULL,NULL,NULL,"No modeled habitat but noted as med quality in field but very steep ",NULL,"Nhttp://a100.gov.bc.ca/pub/pscismap/imageViewer.do?assessmentId=198820ULL",4605525,"ASSESSED","ROUND","Cabin FSR","Tributary to Bighorn Creek","Dredged upstream.  Nice stream with boulder habitat but very steep.13:15","2021-09-28",NULL,NULL,NULL,NULL,NULL,11,660106,5450958,"174","300.625474.584724.074830.438900.608056","300.625474.584724.074830.438900.608056","ELKR",NULL,NULL,0,NULL,NULL,NULL,NULL,"","0","0","0","0","0","0","0","0","0","0","0","0","0","0","0","0","0","0","0","0","0","0","0","0","0","0","0","0","0","0","0","0","0","0",NULL,NULL,NULL,NULL,NULL,NULL,NULL,NULL,NULL,NULL,"no","below_elko","01010000E0BD0B00004382CFB487AC3B41BE1CA9282D1F20418F983BF5E44396400000000000C06540"
"197801",NULL,NULL,"PSCIS","ROAD, RESOURCE/OTHER","OTHER","PASSABLE",NULL,NULL,356532922,NULL,NULL,NULL,NULL,NULL,NULL,NULL,NULL,NULL,NULL,NULL,NULL,NULL,NULL,NULL,NULL,NULL,NULL,NULL,NULL,NULL,NULL,NULL,NULL,NULL,NULL,NULL,4603688,"ASSESSED","FORD","Cabin FSR","Tributary to Bighorn Creek","Ford. 13:43","2021-09-28",NULL,NULL,NULL,NULL,NULL,11,658119,5452872,"315","300.625474.584724.074830.438900.487717","300.625474.584724.074830.438900.487717","ELKR",NULL,"197844",1,NULL,NULL,NULL,NULL,"","0","0","0","0","0","0","0","0","0","0","0","0","0","0","0","0","0","0","0","0","0","0","0","0","0.101837077111145","1.49299391190303","0.1","1.49","0.1","0.1","1.49","1.49","1.49","1.49",NULL,NULL,NULL,NULL,NULL,NULL,NULL,NULL,NULL,NULL,"no","below_elko","01010000E0BD0B0000F2EF15FADCA33B4169B3B254FE2B204172D09FB905D194400000000000B07340"
"197802","197802",NULL,"PSCIS","ROAD, RESOURCE/OTHER","CBS","BARRIER","Cabin FSR",NULL,356558528,"Tributary to Bighorn Creek","Cabin FSR","Stream crossing - CBS",NULL,"","Excluded structure","Barrier assessment","No key upstream habitat","Field assessment",NULL,NULL,"Medium",NULL,NULL,NULL,NULL,NULL,NULL,NULL,NULL,NULL,NULL,NULL,NULL,"No modeled habitat but noted as med quality in field but very steep ","Dry, vegetated channel","http://a100.gov.bc.ca/pub/pscismap/imageViewer.do?assessmentId=198822",4605540,"ASSESSED","ROUND","Cabin FSR","Tributary to Bighorn Creek","Dry with partially vegetated channel. 14:00","2021-09-28",NULL,NULL,NULL,NULL,NULL,11,654193,5452980,"233","300.625474.584724.074830.438900.314031","300.625474.584724.074830.438900.314031","ELKR",NULL,"1004605263",1,NULL,NULL,NULL,NULL,"","0","0","0","0","0","0","0","0","0","0","0","0","0","0","0","0","0","0","0","0","0","0","0","0","0","0","0","0","0","0","0","0","0","0",NULL,NULL,NULL,NULL,NULL,NULL,NULL,NULL,NULL,NULL,"no","below_elko","01010000E0BD0B0000D7B89C1195943B41AE77B255DF282041774147783A7A93400000000000206D40"
"197840",NULL,NULL,"PSCIS","ROAD, RESOURCE/OTHER","OBS","PASSABLE","Cabin FSR",NULL,356554977,NULL,NULL,NULL,NULL,NULL,NULL,NULL,NULL,NULL,NULL,NULL,NULL,NULL,NULL,NULL,NULL,NULL,NULL,NULL,NULL,NULL,NULL,NULL,NULL,NULL,NULL,NULL,24706675,"ASSESSED","BRIDGE","Cabin FSR","Tributary to Bighorn Creek","Bridge. 11:38","2021-09-28",NULL,NULL,NULL,NULL,NULL,11,663336,5447766,"752","300.625474.584724.074830.438900.782441","300.625474.584724.074830.438900.782441","ELKR",NULL,NULL,0,NULL,NULL,NULL,NULL,"","0","0","0","0","0","0","0","0","0","0","0","0","0","0","0","0","0","0","0","0","0","0","0","0","0.014289992895688","1.98654557936688","0.01","1.99","0.01","0.01","1.99","1.99","1.99","1.99",NULL,NULL,NULL,NULL,NULL,NULL,NULL,NULL,NULL,NULL,"no","below_elko","01010000E0BD0B00001628F1D2A8BA3B4106F31EDDB9092041F27C458D4F9298400000000000808740"
"197841",NULL,NULL,"PSCIS","ROAD, RESOURCE/OTHER","OTHER","PASSABLE",NULL,NULL,356566756,NULL,NULL,NULL,NULL,NULL,NULL,NULL,NULL,NULL,NULL,NULL,NULL,NULL,NULL,NULL,NULL,NULL,NULL,NULL,NULL,NULL,NULL,NULL,NULL,NULL,NULL,NULL,4603555,"ASSESSED","FORD","Spur","Bighorn Creek","Some use of ATVs evident.  Open gate on far side. 11:48","2021-09-28",NULL,NULL,NULL,NULL,NULL,11,662658,5447839,"20801","300.625474.584724.074830.438900","300.625474.584724.074830.438900.738128","ELKR","Bighorn Creek",NULL,0,"197842;197843",2,NULL,NULL,"","0","0","0","0","0","0","0","0","0","0","0","0","0","0","0","0","0","0","0","0","0","0","0","0","4.01154447405424","8.36549946967551","4.01","7.12","4.01","4.01","8.37","8.37","8.37","8.37",NULL,NULL,NULL,NULL,NULL,NULL,NULL,NULL,NULL,NULL,"no","below_elko","01010000E0BD0B000039DB960AFEB73B41C3E626729C092041EDBB097F31FF9740000000004050D440"
"197842","197842","Trib to Bighorn @ Cabin Cr FSR (197842)","PSCIS","ROAD, RESOURCE/OTHER","CBS","BARRIER","Cabin FSR",NULL,356493477,"Tributary to Bighorn Creek","Cabin Cr FSR","Stream crossing - CBS",NULL,NULL,"Data-deficient barrier","Barrier assessment",NULL,NULL,NULL,NULL,"Medium",NULL,NULL,NULL,NULL,NULL,NULL,NULL,NULL,"Habitat confirmation (data deficient structures only)",NULL,NULL,NULL,"Assessment comments are nice stream with big pool","","https://a100.gov.bc.ca/pub/pscismap/imageViewer.do?assessmentId=198862",4605504,"ASSESSED","ROUND","Cabin FSR","Tributary to Bighorn Creek","Nice stream with big pool. 12:22","2021-09-28",NULL,NULL,NULL,NULL,NULL,11,663661,5447169,"156","300.625474.584724.074830.438900.826537","300.625474.584724.074830.438900.826537","ELKR",NULL,NULL,0,NULL,NULL,NULL,NULL,"","0","0","0","0","0","0","0","0","0","0","0","0","0","0","0","0","0","0","0","0","0","0","0","0","0","0.794000000000167","0","0.79","0","0","0.79","0.79","0.79","0.79","1502","0.79",1,"0.79000000000000000000",NULL,"6","6","7","7","A","yes","below_elko","01010000E0BD0B0000D695D90E38BC3B41C584CA5B6F0520411238035456E198400000000000806340"
"197843","197843","Trib to Bighorn Cr @ Cabin Cr FSR (197843)","PSCIS","ROAD, RESOURCE/OTHER","CBS","BARRIER","Cabin FSR",NULL,356508380,"Tributary to Bighorn Creek","Cabin Cr FSR","Stream crossing - CBS",NULL,NULL,"Data-deficient barrier","Barrier assessment",NULL,NULL,NULL,NULL,"Medium",NULL,NULL,NULL,NULL,NULL,NULL,NULL,NULL,"Habitat confirmation (data deficient structures only)",NULL,NULL,NULL,"Med quality habitat with good flow",NULL,"https://a100.gov.bc.ca/pub/pscismap/imageViewer.do?assessmentId=198863",4605502,"ASSESSED","ROUND","Cabin FSR","Tributary to Bighorn Creek","Inlet drop of 0.2m.  Small stream, good flow. Steep downstream below pool. 12:42","2021-09-28",NULL,NULL,NULL,NULL,NULL,11,663915,5446488,"125","300.625474.584724.074830.438900.859767","300.625474.584724.074830.438900.859767","ELKR",NULL,NULL,0,NULL,NULL,NULL,NULL,"","0","0","0","0","0","0","0","0","0","0","0","0","0","0","0","0","0","0","0","0","0","0","0","0","0","0.447999999999866","0","0.45","0","0","0.45","0.45","0.45","0.45","1652","0.45",1,"0.45000000000000000000",NULL,"12","13","12","12","B","yes","below_elko","01010000E0BD0B0000C96892588BBD3B41BAAD25836A00204185FCCE84C06799400000000000405F40"
"197844","197844","1004605514","PSCIS","ROAD, RESOURCE/OTHER","CBS","BARRIER","Cabin FSR",NULL,356532922,"Tributary to Bighorn Creek","Cabin Creek FSR","Stream crossing - CBS","CanFor",NULL,"Priority barrier","Detailed habitat investigation",NULL,NULL,"No",NULL,"Medium","Moderate","240000","Medium",NULL,NULL,NULL,NULL,NULL,"Engage with barrier owner","2025-02-28","CWF",NULL,"Industry barrier. Good overwintering potential for WCT. ","Bull Trout also present in stream.  Winter investigations revealed strong groundwater influence upstream of crossing and at mouth of creek. 70 m dewatered section between culvert and mouth.","https://www.newgraphenvironment.com/fish_passage_elk_2021_reporting/appendix---197844---tributary-to-bighorn-creek.html Also see: VAST. 2023. Elk River Westslope Cutthroat Trout passage and habitat investigations. Prepared for Canadian Wildlife Federation by VAST Resource Solutions Inc., Cranbrook, B.C.",4605514,"HABITAT CONFIRMATION","ROUND","Cabin FSR","Tributary to Bighorn Creek","Cobble substrate and abundant overhanging vegetation.  Decent sized stream. 13:24","2021-09-28",NULL,NULL,NULL,NULL,NULL,11,657920,5452802,"95","300.625474.584724.074830.438900.487717","300.625474.584724.074830.438900.487717","ELKR",NULL,NULL,0,NULL,NULL,NULL,NULL,"","0","0","0","0","0","0","0","0","0","0","0","0","0","0","0","0","0","0","0","0","0","0","0","0","0.101837077111145","1.71299391190293","0.1","1.71","0.1","0.1","1.71","1.71","1.71","1.71","1802","1.71",1,"1.71000000000000000000",NULL,"2","2","2","2","A","yes","below_elko","01010000E0BD0B000085C917B71FA33B41DF7C58AB3E2B20411ED3B4A33B8794400000000000C05740"
"197845","197845","Trib to Bighorn @ Cabin FSR (197845)","PSCIS","ROAD, RESOURCE/OTHER","CBS","BARRIER","Cabin FSR",NULL,356534319,"Tributary to Bighorn Creek","Cabin Creek FSR","Stream crossing - CBS",NULL,NULL,"Data-deficient barrier","Barrier assessment",NULL,NULL,NULL,NULL,"Low",NULL,NULL,NULL,NULL,NULL,NULL,NULL,NULL,"Habitat confirmation (data deficient structures only)",NULL,NULL,NULL,"Industry barrier. Noted as low quality habitat (dry at time of assessmnet) but industry barrier, appears to be dredged often due to undersized crossing. WCT release records in stream, unclear of natural habitat capabilities.","Industry barrier. Relatively new crossing in 2021. Creek appears to have been dredged frequently",NULL,4605531,"ASSESSED","ROUND","Cabin FSR","Tributary to Bighorn Creek","New PVC culvert.  Creek appears to have been dredged often.  Channel dry.  Inlet drop of ~0.15m. 13:47","2021-09-28",NULL,NULL,NULL,NULL,NULL,11,655961,5453504,"86","300.625474.584724.074830.438900.402447","300.625474.584724.074830.438900.402447","ELKR",NULL,NULL,0,NULL,NULL,NULL,NULL,"","0","0","0","0","0","0","0","0","0","0","0","0","0","0","0","0","0","0","0","0","0","0","0","0","0.898186487578775","1.84718618520017","0.898186487578775","1.84718618520017","0.9","0.9","1.85","1.85","1.85","1.85","1952","1.85",1,"1.85000000000000000000",NULL,"1","1","1","1","A","yes","below_elko","01010000E0BD0B000008A22E652D9B3B416119D82CB52E2041934B357C66F693400000000000805540"
"197860",NULL,NULL,"PSCIS","ROAD, RESOURCE/OTHER","OTHER","PASSABLE","Phillips Creek Main FSR",NULL,356570443,NULL,NULL,NULL,NULL,NULL,NULL,NULL,NULL,NULL,NULL,NULL,NULL,NULL,NULL,NULL,NULL,NULL,NULL,NULL,NULL,NULL,NULL,NULL,NULL,NULL,NULL,NULL,4605826,"ASSESSED","FORD","Phillips Creek Main","Rabbit Creek","Ford. No card filled out. 15:17","2021-07-27",NULL,NULL,NULL,NULL,NULL,11,658807,5431373,"3251","300.625474.584724.074830.857893","300.625474.584724.074830.857893.263039","ELKR","Rabbit Creek",NULL,0,NULL,NULL,NULL,NULL,"","0","0","0","0","0","0","0","0","0","0","0","0","0","0","0","0","0","0","0","0","0","0","0","0","3.59298455984056","5.60600200534568","3.59","5.61","3.59","3.59","5.61","5.61","5.61","5.61",NULL,NULL,NULL,NULL,NULL,NULL,NULL,NULL,NULL,NULL,"no","below_elko","01010000E0BD0B00002902E7B254B13B41F0917BAD960C1F4162753FEB2FCF9640000000000066A940"
"197867","197867","1004606347","PSCIS","ROAD, RESOURCE/OTHER","OTHER","PASSABLE",NULL,NULL,356566756,"Bighorn Creek","Spur","Stream crossing - Ford",NULL,NULL,"Excluded structure","Barrier assessment","Passable","Field assessment",NULL,NULL,NULL,NULL,NULL,NULL,NULL,NULL,NULL,NULL,NULL,NULL,NULL,NULL,NULL,"Ford",NULL,"http://a100.gov.bc.ca/pub/pscismap/imageViewer.do?assessmentId=198887",4606926,"ASSESSED","FORD","Spur","Tributary to Bighorn Creek","Inactive road. Thick alders.  Walked in from Cabin FSR. 11:28","2021-09-28",NULL,NULL,NULL,NULL,NULL,11,664112,5445241,"24432","300.625474.584724.074830.438900","300.625474.584724.074830.438900.915790","ELKR",NULL,NULL,0,NULL,NULL,NULL,NULL,"","0","0","0","0","0","0","0","0","0","0","0","0","0","0","0","0","0","0","0","0","0","0","0","0","0","0.587955653691121","0","0.59","0","0","0.59","0.59","0.59","0.59",NULL,NULL,NULL,NULL,NULL,NULL,NULL,NULL,NULL,NULL,"no","below_elko","01010000E0BD0B00007997F18CEFBE3B41C4265B8EEFED1F41FDC61B6ECE2F9A400000000000DCD740"
"50162",NULL,NULL,"PSCIS","ROAD, RESOURCE/OTHER","OBS","PASSABLE","Wigwam FSR",NULL,356566756,NULL,NULL,NULL,NULL,NULL,NULL,NULL,NULL,NULL,NULL,NULL,NULL,NULL,NULL,NULL,NULL,NULL,NULL,NULL,NULL,NULL,NULL,NULL,NULL,NULL,NULL,NULL,24706662,"ASSESSED","BRIDGE","Wigwam","Bighorn Creek","bridge over Bighorn Creek, concrete deck, NI-110, no fish seen but known to contain BT, DV, MW and WCT according to Habitat Wizard","2011-11-06",NULL,NULL,NULL,NULL,NULL,11,648972,5449685,"483","300.625474.584724.074830.438900","300.625474.584724.074830.438900","ELKR","Bighorn Creek",NULL,0,"1004605549;1004605941;197842;197843;197844;197845",6,NULL,NULL,"","0","0","0","0","0","0","0","0","0","0","0","0","0","0","0","0","0","0","0","0","0","0","0","0","25.2869782127503","35.7584351611139","24.29","30.93","25.29","25.29","35.76","35.76","35.76","35.76",NULL,NULL,NULL,NULL,NULL,NULL,NULL,NULL,NULL,NULL,"no","below_elko","01010000E0BD0B0000E97F4B79FD813B417E4462861B0A204100000000007491400000000000307E40"
"50163",NULL,NULL,"PSCIS","ROAD, RESOURCE/OTHER","OBS","PASSABLE",NULL,NULL,356569536,NULL,NULL,NULL,NULL,NULL,NULL,NULL,NULL,NULL,NULL,NULL,NULL,NULL,NULL,NULL,NULL,NULL,NULL,NULL,NULL,NULL,NULL,NULL,NULL,NULL,NULL,NULL,24706663,"ASSESSED","BRIDGE","Wigwam","Wigwam River","bridge over Wigwam River, concrete deck, good approaches, behind gate, C564-001, no fish seen but known to contain BT, DV, MW, WCT, CT, KO, RB according to Fish Wizard","2011-11-06",NULL,NULL,NULL,NULL,NULL,11,648691,5449114,"27018","300.625474.584724.074830","300.625474.584724.074830.438900","ELKR","Wigwam River",NULL,0,"197783;197785;50175",3,NULL,NULL,"","0","0","0","0","0","0","0","0","0","0","0","0","0","0","0","0","0","0","0","0","0","0","0","0","66.7916254004788","84.8782790884889","66.79","84.4","66.79","66.79","84.88","84.88","84.88","84.88",NULL,NULL,NULL,NULL,NULL,NULL,NULL,NULL,NULL,NULL,"no","below_elko","01010000E0BD0B0000DF8AE1E42F813B4105F138656705204110880EBB636F9140000000008062DA40"
"50164",NULL,NULL,"PSCIS","ROAD, RESOURCE/OTHER","OBS","PASSABLE",NULL,NULL,356566440,NULL,NULL,NULL,NULL,NULL,NULL,NULL,NULL,NULL,NULL,NULL,NULL,NULL,NULL,NULL,NULL,NULL,NULL,NULL,NULL,NULL,NULL,NULL,NULL,NULL,NULL,NULL,24706661,"ASSESSED","BRIDGE","Wigwam","unnamed tributary to Wigwam River","unnamed tributary to Wigwam River, unknown fish presence but BT known downstream in this stream, concrete deck, behind gates","2011-11-06",NULL,NULL,NULL,NULL,NULL,11,651503,5444272,"1123","300.625474.584724.074830.553780","300.625474.584724.074830.553780.104641","ELKR",NULL,NULL,0,NULL,NULL,NULL,NULL,"","0","0","0","0","0","0","0","0","0","0","0","0","0","0","0","0","0","0","0","0","0","0","0","0","0.84460905603013","2.39405737815736","0.84460905603013","2.39405737815736","0.84","0.84","2.39","2.39","2.39","2.39",NULL,NULL,NULL,NULL,NULL,NULL,NULL,NULL,NULL,NULL,"no","below_elko","01010000E0BD0B00002895E173858E3B413C7C93EC86C51F41E8F7EBBC7F4E934000000000008C9140"
"50165",NULL,NULL,"PSCIS","ROAD, RESOURCE/OTHER","OBS","PASSABLE",NULL,NULL,356567538,NULL,NULL,NULL,NULL,NULL,NULL,NULL,NULL,NULL,NULL,NULL,NULL,NULL,NULL,NULL,NULL,NULL,NULL,NULL,NULL,NULL,NULL,NULL,NULL,NULL,NULL,NULL,4606122,"ASSESSED","BRIDGE","Wigwam","Thomas Lake Creek","wooden deck, C564-005, behind gates, Thomas Lake Creek known to contain Bull Trout, behind gate","2011-11-06",NULL,NULL,NULL,NULL,NULL,11,652496,5441790,"1317","300.625474.584724.074830.614879","300.625474.584724.074830.614879","ELKR",NULL,NULL,0,NULL,NULL,NULL,NULL,"","0","0","0","0","0","0","0","0","0","0","0","0","0","0","0","0","0","0","0","0","0","0","0","0","1.44527200849315","2.98194357096831","1.44527200849315","2.98194357096831","1.45","1.45","2.98","2.98","2.98","2.98",NULL,NULL,NULL,NULL,NULL,NULL,NULL,NULL,NULL,NULL,"no","below_elko","01010000E0BD0B00002BEF21199E933B41601C036F17A11F419762E978999B93400000000000949440"
"50166",NULL,NULL,"PSCIS","ROAD, RESOURCE/OTHER","OBS","PASSABLE",NULL,NULL,356540357,NULL,NULL,NULL,NULL,NULL,NULL,NULL,NULL,NULL,NULL,NULL,NULL,NULL,NULL,NULL,NULL,NULL,NULL,NULL,NULL,NULL,NULL,NULL,NULL,NULL,NULL,NULL,4605927,"ASSESSED","BRIDGE","Wigwam","Baldy Lake Creek","concrete deck, good approaches, C564-006, Baldy Lake Creek known to contain BT, WCT and RB according to Habitat Wizard, behind gate","2011-11-06",NULL,NULL,NULL,NULL,NULL,11,654147,5439316,"618","300.625474.584724.074830.683763","300.625474.584724.074830.683763","ELKR",NULL,NULL,0,NULL,NULL,NULL,NULL,"","0","0","0","0","0","0","0","0","0","0","0","0","0","0","0","0","0","0","0","0","0","0","0","0","2.87781593571606","4.23836364887917","2.87781593571606","4.23836364887917","2.88","2.88","4.24","4.24","4.24","4.24",NULL,NULL,NULL,NULL,NULL,NULL,NULL,NULL,NULL,NULL,"no","below_elko","01010000E0BD0B0000960D0A34449B3B41EFF0B552207E1F417DFA0DBA2C6093400000000000508340"
"50168",NULL,NULL,"PSCIS","ROAD, RESOURCE/OTHER","OBS","PASSABLE",NULL,NULL,356569536,NULL,NULL,NULL,NULL,NULL,NULL,NULL,NULL,NULL,NULL,NULL,NULL,NULL,NULL,NULL,NULL,NULL,NULL,NULL,NULL,NULL,NULL,NULL,NULL,NULL,NULL,NULL,24706660,"ASSESSED","BRIDGE","Wigwam","Wigwam River","concrete deck, good approaches, C564-008, behind gate, Wigwam River is known to contain BT, DV, MW, WCT, CT, KO, RB according to Habitat Wizard","2011-11-06",NULL,NULL,NULL,NULL,NULL,11,658529,5435633,"47565","300.625474.584724.074830","300.625474.584724.074830.789812","ELKR","Wigwam River",NULL,0,"197783",1,NULL,NULL,"","0","0","0","0","0","0","0","0","0","0","0","0","0","0","0","0","0","0","0","0","0","0","0","0","34.6501354364879","42.1366210700435","34.65","42.14","34.65","34.65","42.14","42.14","42.14","42.14",NULL,NULL,NULL,NULL,NULL,NULL,NULL,NULL,NULL,NULL,"no","below_elko","01010000E0BD0B000094F7DA031CAE3B419EE5A83DF34D1F4100EA263108F9934000000000A039E740"
"50170",NULL,NULL,"PSCIS","ROAD, RESOURCE/OTHER","OBS","PASSABLE",NULL,NULL,356566601,NULL,NULL,NULL,NULL,NULL,NULL,NULL,NULL,NULL,NULL,NULL,NULL,NULL,NULL,NULL,NULL,NULL,NULL,NULL,NULL,NULL,NULL,NULL,NULL,NULL,NULL,NULL,4605925,"ASSESSED","BRIDGE","Weasel","Desolation Creek","concrete deck, good approaches, behind gate, C564-010, no fish observed but known to contain BT, WCT and RB according to Habitat Wizard","2011-11-06",NULL,NULL,NULL,NULL,NULL,11,661089,5434093,"790","300.625474.584724.074830.843909","300.625474.584724.074830.843909","ELKR","Desolation Creek",NULL,0,NULL,NULL,NULL,NULL,"","0","0","0","0","0","0","0","0","0","0","0","0","0","0","0","0","0","0","0","0","0","0","0","0","17.105171898728","20.3038664519505","17.105171898728","20.3038664519505","17.11","17.11","20.3","20.3","20.3","20.3",NULL,NULL,NULL,NULL,NULL,NULL,NULL,NULL,NULL,NULL,"no","below_elko","01010000E0BD0B00004EC5FD03D0B83B41975EABF7483B1F41B6CF1D8F09A894400000000000B08840"
"50174",NULL,NULL,"PSCIS","ROAD, RESOURCE/OTHER","OTHER","PASSABLE",NULL,NULL,356568196,NULL,NULL,NULL,NULL,NULL,NULL,NULL,NULL,NULL,NULL,NULL,NULL,NULL,NULL,NULL,NULL,NULL,NULL,NULL,NULL,NULL,NULL,NULL,NULL,NULL,NULL,NULL,4605344,"ASSESSED","FORD","Wigwam","Fenster Creek","deactivated, high habitat value, known BT according to Habitat Wizard","2011-11-06",NULL,NULL,NULL,NULL,NULL,11,653140,5443341,"303","300.625474.584724.074830.602969","300.625474.584724.074830.602969","ELKR","Fenster Creek",NULL,0,NULL,NULL,NULL,NULL,"","0","0","0","0","0","0","0","0","0","0","0","0","0","0","0","0","0","0","0","0","0","0","0","0","3.97611744092214","5.35549700800738","3.97611744092214","5.35549700800738","3.98","3.98","5.36","5.36","5.36","5.36",NULL,NULL,NULL,NULL,NULL,NULL,NULL,NULL,NULL,NULL,"no","below_elko","01010000E0BD0B0000D432F57A56953B4171DB9FD666BA1F41038A9E3764BF92400000000000F07240"
"50175",NULL,NULL,"PSCIS","ROAD, RESOURCE/OTHER","OTHER","BARRIER","Wigwam FSR",NULL,356536400,NULL,NULL,NULL,NULL,NULL,NULL,NULL,NULL,NULL,NULL,NULL,NULL,NULL,NULL,NULL,NULL,NULL,NULL,NULL,NULL,NULL,NULL,NULL,NULL,NULL,NULL,NULL,4605348,"ASSESSED","FORD","Wigwam","unnamed tributary to Wigwam River","looks like a washout that had a CMP, high value habitat, unknown fish presence","2011-11-06",NULL,NULL,NULL,NULL,NULL,11,651415,5446108,"618","300.625474.584724.074830.530173","300.625474.584724.074830.530173","ELKR",NULL,NULL,0,NULL,NULL,NULL,NULL,"","0","0","0","0","0","0","0","0","0","0","0","0","0","0","0","0","0","0","0","0","0","0","0","0","0","0.474000000000119","0","0.474000000000119","0","0","0.47","0.47","0.47","0.47","2102","0.47",1,"0.47000000000000000000",NULL,"11","12","11","11","B","yes","below_elko","01010000E0BD0B0000F379606B428D3B410D22CDAEC5E11F41F11F194CE5F292400000000000508340"
"50177",NULL,NULL,"PSCIS","ROAD, RESOURCE/OTHER","CBS","BARRIER",NULL,NULL,356479891,NULL,NULL,NULL,NULL,NULL,NULL,NULL,NULL,NULL,NULL,NULL,NULL,NULL,NULL,NULL,NULL,NULL,NULL,NULL,NULL,NULL,NULL,NULL,NULL,NULL,NULL,NULL,4605211,"ASSESSED","ROUND","Tower Creek","unnamed tributary to Wigwam River","behind gate, unknown fish presence, small stream with no pools","2011-11-06",NULL,NULL,NULL,NULL,NULL,11,647288,5450104,"617","300.625474.584724.074830.411859","300.625474.584724.074830.411859","ELKR",NULL,"1004603497",1,NULL,NULL,NULL,NULL,"","0","0","0","0","0","0","0","0","0","0","0","0","0","0","0","0","0","0","0","0","0","0","0","0","0","0.124000000000002","0","0.12","0","0","0.12","0.12","0.12","0.12","2253","0.12",1,"0.12000000000000000000","{2252}","13","15","13","14","B","yes","below_elko","01010000E0BD0B0000EA9E8AFF3E7B3B41819B51A9A80B2041E6960726C3AF91400000000000488340"
"50179",NULL,NULL,"PSCIS","ROAD, RESOURCE/OTHER","OTHER","PASSABLE",NULL,NULL,356569536,NULL,NULL,NULL,NULL,NULL,NULL,NULL,NULL,NULL,NULL,NULL,NULL,NULL,NULL,NULL,NULL,NULL,NULL,NULL,NULL,NULL,NULL,NULL,NULL,NULL,NULL,NULL,24706541,"ASSESSED","FORD","unnamed off Ram","Wigwam River","deactivation high value habitat, no fish observed but known BT, DV, MW, WCT, CT, KO and RB according to Habitat Wizard","2011-11-06",NULL,NULL,NULL,NULL,NULL,11,647401,5451969,"22663","300.625474.584724.074830","300.625474.584724.074830.374921","ELKR","Wigwam River",NULL,0,"1004603497;1004603498;1004605549;1004605941;197783;197785;197842;197843;197844;197845;50175",11,NULL,NULL,"","0","0","0","0","0","0","0","0","0","0","0","0","0","0","0","0","0","0","0","0","0","0","0","0","97.9100662612439","129.020262397216","96.91","122.56","97.91","97.91","129.02","129.02","129.02","129.02",NULL,NULL,NULL,NULL,NULL,NULL,NULL,NULL,NULL,NULL,"no","below_elko","01010000E0BD0B0000B8CDB799BF7A3B41C43F6739361A20411FC8A4D936F9904000000000C021D640"
